{
  "Workflows": [
    {
      "Path": null,
      "SortBy": 0,
      "VariablesSectionElementsOrder": null,
      "ArgumentsSectionElementsOrder": null,
      "ConstantsSectionElementsOrder": null,
      "AddedNamespaces": null
    },
    {
      "Path": "ImageExt.xaml",
      "SortBy": 0,
      "VariablesSectionElementsOrder": [
        "FoundElement&Sequence_2",
        "imageUrl&Sequence_4",
        "FullText&Sequence_2",
        "Children&Sequence_2"
      ],
      "ArgumentsSectionElementsOrder": [],
      "ConstantsSectionElementsOrder": [],
      "AddedNamespaces": null
    },
    {
      "Path": "Main.xaml",
      "SortBy": 0,
      "VariablesSectionElementsOrder": [
        "ExtractedDT&Sequence_7",
        "problemListElement&Sequence_7",
        "QuestionImageSelector&Sequence_10",
        "imageUrl&Sequence_10",
        "Question&Sequence_10",
        "QuestionReal&Sequence_10",
        "imageExists&Sequence_10",
        "QuestionElement&Sequence_10"
      ],
      "ArgumentsSectionElementsOrder": [],
      "ConstantsSectionElementsOrder": [],
      "AddedNamespaces": null
    }
  ]
}